group,id,parent_id,status,wall_seconds,gradient_calls
BASELINE,C4H2O2/rxn3478,059bf679a499aca9a05c,STRICT_JOINT_GRAPH_VALID,13.192780064884573,611
BASELINE,C4H10O/rxn9368,13bf28b59fe70fb07791,STRICT_JOINT_GRAPH_VALID,16.727505282964557,535
BASELINE,C4H6O2/rxn1307,1dd6e1f03fb1adc3044f,STRICT_JOINT_GRAPH_VALID,24.64503667782992,675
BASELINE,C6H8O/rxn7721,1e19147f0c2d3f0c553e,IRC_LIMIT,55.53176192799583,775
BASELINE,C4H10O2/rxn3546,1f26b917e1b972ad3fd9,STRICT_EVENT_MISMATCH,19.977912267902866,565
BASELINE,C4H3NO2/rxn6520,281779a5ec203c658539,STRICT_JOINT_GRAPH_VALID,10.527584186987951,369
BASELINE,C5H8O2/rxn8399,3e4899195c01fa43baa1,STRICT_JOINT_GRAPH_VALID,19.741717031924054,533
BASELINE,C5H3NO/rxn7069,490a49d8326b3868df6c,IRC_REACTANT_MISMATCH,7.602053437149152,344
BASELINE,C5H6O/rxn9332,4bac09c213063d306b3e,STRICT_EVENT_MISMATCH,17.25315467081964,589
BASELINE,C6H8O/rxn6374,4c90a5cab2d89d679e6a,STRICT_JOINT_GRAPH_VALID,37.975485953036696,720
BASELINE,C5H6N2/rxn7776,4f5559117464139fee00,STRICT_JOINT_GRAPH_VALID,18.46111496607773,412
BASELINE,C5H11N/rxn2210,5b02d759a9ea9d4dd169,STRICT_JOINT_GRAPH_VALID,9.674166530137882,494
BASELINE,C3H3NO/rxn2914,5b2d3d450552ae85d0f4,STRICT_JOINT_GRAPH_VALID,8.343989867949858,417
BASELINE,C4H5NO/rxn0512,610169b6b7344da8fe44,IRC_LIMIT,17.081837464123964,562
BASELINE,C4H5NO/rxn2333,73a8b208b741c5cda518,STRICT_JOINT_GRAPH_VALID,4.279362353030592,326
BASELINE,C6H8O/rxn7964,7dc6922783059ead3fb0,STRICT_JOINT_GRAPH_VALID,9.673173625953496,421
BASELINE,C6H10/rxn2905,854e36201fd5181b6d38,STRICT_JOINT_GRAPH_VALID,35.702234679833055,653
BASELINE,C2H3N3O/rxn3195,86e8b6f43f20cf1e79e6,STRICT_JOINT_GRAPH_VALID,3.2357519580982625,271
BASELINE,C5H7NO/rxn6236,8962b71ed3a7a171af9e,STRICT_JOINT_GRAPH_VALID,293.6826676100027,713
BASELINE,C6H11N/rxn5004,8a883642220d4e0500ba,STRICT_JOINT_GRAPH_VALID,15.48910358385183,555
BASELINE,C4H8O/rxn0255,8fe6d50aaad53c21d3c5,STRICT_JOINT_GRAPH_VALID,13.327549944166094,467
BASELINE,C4H7NO2/rxn7920,a6ee19115420a88ad88e,STRICT_JOINT_GRAPH_VALID,28.850318871904165,523
BASELINE,C5H8/rxn0763,a93f4d7da96617f54016,MINIMUM_HAS_NEGATIVE_MODE,8.264949542004615,346
BASELINE,C6H10O/rxn5917,a9460cfa7d3e4acccdb6,STRICT_JOINT_GRAPH_VALID,17.663167349994183,520
BASELINE,C5H6O/rxn1901,b3946dd993435c17e643,STRICT_JOINT_GRAPH_VALID,29.43610049202107,509
BASELINE,C4H8O/rxn2388,b6a6acf47c59295c4fd0,STRICT_JOINT_GRAPH_VALID,10.279984476976097,434
BASELINE,C5H11N/rxn8968,b7fc38c46e18372646e0,TS_OPT_LIMIT,6.202343960991129,303
BASELINE,C4H9N/rxn9345,b9857901a6575f45ade0,STRICT_JOINT_GRAPH_VALID,17.935499398969114,630
BASELINE,C4H3NO2/rxn6595,be70179e2d6f299d6b1b,STRICT_EVENT_MISMATCH,15.87479283916764,482
BASELINE,C4H6O2/rxn4464,be8172c3f5b8c091330a,STRICT_JOINT_GRAPH_VALID,8.763065700186417,419
BASELINE,C2H3N3O/rxn3459,c01f85b5738c7adf3243,STRICT_JOINT_GRAPH_VALID,3.757865209132433,273
BASELINE,C4H6N2O/rxn5102,c0f8c54d5d73fed95b92,STRICT_JOINT_GRAPH_VALID,9.925872979918495,419
BASELINE,C2H4N4/rxn0302,c3b4e41e7e5bccb5a55b,STRICT_JOINT_GRAPH_VALID,4.274111263919622,310
BASELINE,C2H3N3O/rxn4176,cf39a21f2ef809e09427,STRICT_JOINT_GRAPH_VALID,4.696736284997314,306
BASELINE,C2H4N4/rxn0340,d677da7acd18ec98859b,STRICT_JOINT_GRAPH_VALID,16.056880089920014,613
BASELINE,C2H4N2O2/rxn1325,dbbf15c07b5a6a19ba49,IRC_LIMIT,15.23323184484616,497
BASELINE,C2H3N3O/rxn0000,e193d2b0c22148150613,STRICT_JOINT_GRAPH_VALID,7.711453299038112,405
BASELINE,C5H8O2/rxn5446,f654459482fe40bfdc99,STRICT_JOINT_GRAPH_VALID,21.556311866035685,541
BASELINE,C5H8O2/rxn6529,f8510fca77167ae2fe1b,STRICT_JOINT_GRAPH_VALID,16.151360615855083,479
BASELINE,C4H6N2O/rxn8468,fcb8f2fa182b960cb7c8,STRICT_JOINT_GRAPH_VALID,7.847446562023833,400
KNOWN_EVENT_GEOMETRY_MISS,df87c4af439bf126856b_anchor_e836478f3910/B0/s0/p9/endpoint,df87c4af439bf126856b,STRICT_JOINT_GRAPH_VALID,70.350098147057,608
KNOWN_EVENT_GEOMETRY_MISS,2bd4d7187c1b806a4321_anchor_78ac41d9222c/B0/s0/p59/endpoint,2bd4d7187c1b806a4321,STRICT_JOINT_GRAPH_VALID,16.11736966506578,545
KNOWN_EVENT_GEOMETRY_MISS,bff0aef391d6eb124693_anchor_045c2a4c3b3e/B0/s0/p33/endpoint,bff0aef391d6eb124693,STRICT_JOINT_GRAPH_VALID,20.900721561862156,508
KNOWN_EVENT_GEOMETRY_MISS,c9f30c051784a84d74e8_anchor_dd1e1d91c53e/B0/s0/p38/endpoint,c9f30c051784a84d74e8,EVALUATION_UNRESOLVED,34.21431786008179,814
KNOWN_EVENT_GEOMETRY_MISS,6c9e7003ade9f81d3cde_anchor_395419f953cc/B0/s0/p20/endpoint,6c9e7003ade9f81d3cde,STRICT_JOINT_GRAPH_VALID,21.851207629079,499
KNOWN_EVENT_GEOMETRY_MISS,613b6b9cb8cd989e3930_anchor_fd73058443ab/B0/s0/p58/endpoint,613b6b9cb8cd989e3930,STRICT_JOINT_GRAPH_VALID,7.982120475964621,439
KNOWN_EVENT_GEOMETRY_MISS,06a981a4a18d5123650e_anchor_5a9da176a200/B0/s0/p11/endpoint,06a981a4a18d5123650e,STRICT_JOINT_GRAPH_VALID,8.821331675164402,424
KNOWN_EVENT_GEOMETRY_MISS,3693f2be75f7e78e10df_anchor_dd492780b8dc/B0/s0/p54/endpoint,3693f2be75f7e78e10df,IRC_LIMIT,17.365139950998127,477
KNOWN_EVENT_GEOMETRY_MISS,164edb135c14df5fc8ef_anchor_118df23ef176/B0/s0/p14/endpoint,164edb135c14df5fc8ef,STRICT_EVENT_MISMATCH,28.613706598989666,727
KNOWN_EVENT_GEOMETRY_MISS,139ebb58421a75a21621_anchor_ebf4e7431271/B0/s0/p22/endpoint,139ebb58421a75a21621,STRICT_JOINT_GRAPH_VALID,24.710448432946578,470
KNOWN_EVENT_GEOMETRY_MISS,18115e1b6d48bae6e848_anchor_2902b49ce199/B0/s0/p56/endpoint,18115e1b6d48bae6e848,STRICT_JOINT_GRAPH_VALID,21.48654588102363,534
KNOWN_EVENT_GEOMETRY_MISS,cf39a21f2ef809e09427_anchor_41e5d4e73c61/B0/s0/p39/endpoint,cf39a21f2ef809e09427,NO_NEGATIVE_MODE,5.14451833604835,236
KNOWN_EVENT_GEOMETRY_MISS,d7c2d32be5d3d1a71498_anchor_3723164a90fc/B0/s0/p11/endpoint,d7c2d32be5d3d1a71498,STRICT_JOINT_GRAPH_VALID,26.637065464863554,633
KNOWN_EVENT_GEOMETRY_MISS,36773d8e7aab7224644f_anchor_d50fdc4e7694/B0/s0/p58/endpoint,36773d8e7aab7224644f,IRC_LIMIT,148.95449235010892,1151
KNOWN_EVENT_GEOMETRY_MISS,3795486124b2b70efd27_anchor_2f5091010473/B0/s0/p61/endpoint,3795486124b2b70efd27,TS_OPT_LIMIT,9.28559268801473,249
KNOWN_EVENT_GEOMETRY_MISS,5a16c51cb5a7e3fb1149_anchor_d5e44190a97c/B0/s0/p28/endpoint,5a16c51cb5a7e3fb1149,STRICT_EVENT_MISMATCH,7.658078047912568,417
KNOWN_EVENT_GEOMETRY_MISS,0109798be640476374f2_anchor_62054c321159/B0/s0/p61/endpoint,0109798be640476374f2,STRICT_JOINT_GRAPH_VALID,13.681710748933256,453
KNOWN_EVENT_GEOMETRY_MISS,37ee97653805530aec63_anchor_7564b1bc3ed2/B0/s0/p55/endpoint,37ee97653805530aec63,IRC_LIMIT,42.83899899595417,1062
KNOWN_EVENT_GEOMETRY_MISS,06f02050ef7bf1169928_anchor_e15736b65b91/B0/s0/p24/endpoint,06f02050ef7bf1169928,STRICT_JOINT_GRAPH_VALID,40.598449972923845,824
KNOWN_EVENT_GEOMETRY_MISS,761ce8db7b595eaf07f6_anchor_48b1f8c9a853/B0/s0/p49/endpoint,761ce8db7b595eaf07f6,STRICT_JOINT_GRAPH_VALID,12.950394302140921,492
OUTSIDE_CATALOGUE_EVENT,dbbf15c07b5a6a19ba49_anchor_31913c8ea3a9/B0/s0/p3/endpoint,dbbf15c07b5a6a19ba49,STRICT_JOINT_GRAPH_VALID,21.761919500073418,712
OUTSIDE_CATALOGUE_EVENT,b9857901a6575f45ade0_anchor_a5c99f10cbcc/B0/s0/p50/endpoint,b9857901a6575f45ade0,NO_NEGATIVE_MODE,10.97640360193327,350
OUTSIDE_CATALOGUE_EVENT,1dd6e1f03fb1adc3044f_anchor_e899bc83f4f1/B0/s0/p61/endpoint,1dd6e1f03fb1adc3044f,IRC_REACTANT_MISMATCH,7.9749470530077815,403
OUTSIDE_CATALOGUE_EVENT,86e8b6f43f20cf1e79e6_anchor_00c3b8198a8c/B0/s0/p40/endpoint,86e8b6f43f20cf1e79e6,STRICT_EVENT_MISMATCH,292.10926124011166,986
OUTSIDE_CATALOGUE_EVENT,1f26b917e1b972ad3fd9_anchor_308e614b9b64/B0/s0/p31/endpoint,1f26b917e1b972ad3fd9,STRICT_JOINT_GRAPH_VALID,20.39196275197901,538
OUTSIDE_CATALOGUE_EVENT,b7fc38c46e18372646e0_anchor_14427c2a54a5/B0/s0/p37/endpoint,b7fc38c46e18372646e0,IRC_REACTANT_MISMATCH,23.786587176145986,669
OUTSIDE_CATALOGUE_EVENT,8a883642220d4e0500ba_anchor_b20033b146a1/B0/s0/p4/endpoint,8a883642220d4e0500ba,IRC_REACTANT_MISMATCH,35.89151003398001,771
OUTSIDE_CATALOGUE_EVENT,059bf679a499aca9a05c_anchor_b21f58fafc9f/B0/s0/p33/endpoint,059bf679a499aca9a05c,STRICT_EVENT_MISMATCH,18.130336944945157,545
OUTSIDE_CATALOGUE_EVENT,281779a5ec203c658539_anchor_c7417e14390c/B0/s0/p11/endpoint,281779a5ec203c658539,EVALUATION_UNRESOLVED,25.824724656064063,579
OUTSIDE_CATALOGUE_EVENT,490a49d8326b3868df6c_anchor_a2610c0956a0/B0/s0/p41/endpoint,490a49d8326b3868df6c,STRICT_JOINT_GRAPH_VALID,12.175538121024147,331
OUTSIDE_CATALOGUE_EVENT,8962b71ed3a7a171af9e_anchor_f8a25a150927/B0/s0/p19/endpoint,8962b71ed3a7a171af9e,STRICT_JOINT_GRAPH_VALID,30.820786068914458,519
OUTSIDE_CATALOGUE_EVENT,a9460cfa7d3e4acccdb6_anchor_3d022ea3117c/B0/s0/p25/endpoint,a9460cfa7d3e4acccdb6,STRICT_JOINT_GRAPH_VALID,35.84053572895937,852
OUTSIDE_CATALOGUE_EVENT,fcb8f2fa182b960cb7c8_anchor_6377e3691a5a/B0/s0/p48/endpoint,fcb8f2fa182b960cb7c8,STRICT_EVENT_MISMATCH,7.40240877494216,428
OUTSIDE_CATALOGUE_EVENT,cf39a21f2ef809e09427_anchor_41e5d4e73c61/B0/s0/p51/endpoint,cf39a21f2ef809e09427,STRICT_EVENT_MISMATCH,25.66971842595376,675
OUTSIDE_CATALOGUE_EVENT,b6a6acf47c59295c4fd0_anchor_e31b0f68d34c/B0/s0/p44/endpoint,b6a6acf47c59295c4fd0,EVALUATION_UNRESOLVED,11.358569147996604,464
OUTSIDE_CATALOGUE_EVENT,be8172c3f5b8c091330a_anchor_fbc06e562b91/B0/s0/p14/endpoint,be8172c3f5b8c091330a,STRICT_EVENT_MISMATCH,12.313128720968962,445
OUTSIDE_CATALOGUE_EVENT,f654459482fe40bfdc99_anchor_89d3a728ea37/B0/s0/p58/endpoint,f654459482fe40bfdc99,STRICT_EVENT_MISMATCH,38.92775035300292,740
OUTSIDE_CATALOGUE_EVENT,4bac09c213063d306b3e_anchor_a0f098a1d31f/B0/s0/p34/endpoint,4bac09c213063d306b3e,IRC_LIMIT,52.98690074891783,968
OUTSIDE_CATALOGUE_EVENT,b3946dd993435c17e643_anchor_2a4a8e6ae4c3/B0/s0/p7/endpoint,b3946dd993435c17e643,IRC_REACTANT_MISMATCH,14.28852128610015,471
OUTSIDE_CATALOGUE_EVENT,854e36201fd5181b6d38_anchor_df9f1c12fa91/B0/s0/p0/endpoint,854e36201fd5181b6d38,STRICT_JOINT_GRAPH_VALID,70.8006240229588,599
OUTSIDE_CATALOGUE_EVENT,be70179e2d6f299d6b1b_anchor_403d504038b5/B0/s0/p39/endpoint,be70179e2d6f299d6b1b,STRICT_JOINT_GRAPH_VALID,15.10205973801203,626
OUTSIDE_CATALOGUE_EVENT,d677da7acd18ec98859b_anchor_198abcf250e1/B0/s0/p28/endpoint,d677da7acd18ec98859b,STRICT_EVENT_MISMATCH,14.534876680932939,566
OUTSIDE_CATALOGUE_EVENT,8fe6d50aaad53c21d3c5_anchor_054767360022/B0/s0/p40/endpoint,8fe6d50aaad53c21d3c5,STRICT_JOINT_GRAPH_VALID,7.463383511872962,428
OUTSIDE_CATALOGUE_EVENT,4f5559117464139fee00_anchor_729c6cc585e4/B0/s0/p25/endpoint,4f5559117464139fee00,STRICT_JOINT_GRAPH_VALID,82.35738934017718,559
OUTSIDE_CATALOGUE_EVENT,a93f4d7da96617f54016_anchor_3b222f764ec1/B0/s0/p40/endpoint,a93f4d7da96617f54016,STRICT_EVENT_MISMATCH,9.222027824027464,435
OUTSIDE_CATALOGUE_EVENT,e193d2b0c22148150613_anchor_0b316c25baaf/B0/s0/p43/endpoint,e193d2b0c22148150613,STRICT_JOINT_GRAPH_VALID,34.6270669400692,574
OUTSIDE_CATALOGUE_EVENT,7dc6922783059ead3fb0_anchor_28d2cd4a7ddf/B0/s0/p51/endpoint,7dc6922783059ead3fb0,STRICT_JOINT_GRAPH_VALID,20.615320621058345,502
OUTSIDE_CATALOGUE_EVENT,4c90a5cab2d89d679e6a_anchor_d6cc21edf663/B0/s0/p56/endpoint,4c90a5cab2d89d679e6a,IRC_REACTANT_MISMATCH,25.394311323063448,600
OUTSIDE_CATALOGUE_EVENT,5b2d3d450552ae85d0f4_anchor_23521829f2ca/B0/s0/p11/endpoint,5b2d3d450552ae85d0f4,STRICT_JOINT_GRAPH_VALID,11.240116465138271,490
OUTSIDE_CATALOGUE_EVENT,13bf28b59fe70fb07791_anchor_c06606784cea/B0/s0/p26/endpoint,13bf28b59fe70fb07791,STRICT_JOINT_GRAPH_VALID,13.419154487084597,518
OUTSIDE_CATALOGUE_EVENT,f8510fca77167ae2fe1b_anchor_883ec3e2175e/B0/s0/p22/endpoint,f8510fca77167ae2fe1b,IRC_LIMIT,41.850517712999135,633
OUTSIDE_CATALOGUE_EVENT,73a8b208b741c5cda518_anchor_9fd885044327/B0/s0/p9/endpoint,73a8b208b741c5cda518,MINIMUM_HAS_NEGATIVE_MODE,22.70647227205336,477
OUTSIDE_CATALOGUE_EVENT,c0f8c54d5d73fed95b92_anchor_b04cb969d0e8/B0/s0/p22/endpoint,c0f8c54d5d73fed95b92,STRICT_JOINT_GRAPH_VALID,15.28638233593665,464
OUTSIDE_CATALOGUE_EVENT,a6ee19115420a88ad88e_anchor_db2eb655774c/B0/s0/p52/endpoint,a6ee19115420a88ad88e,STRICT_JOINT_GRAPH_VALID,36.513254076009616,725
OUTSIDE_CATALOGUE_EVENT,610169b6b7344da8fe44_anchor_4aaafcc490c9/B0/s0/p23/endpoint,610169b6b7344da8fe44,STRICT_JOINT_GRAPH_VALID,10.31045250594616,461
OUTSIDE_CATALOGUE_EVENT,c3b4e41e7e5bccb5a55b_anchor_776e2745449e/B0/s0/p54/endpoint,c3b4e41e7e5bccb5a55b,TS_OPT_LIMIT,8.554700494045392,261
OUTSIDE_CATALOGUE_EVENT,1e19147f0c2d3f0c553e_anchor_ca3aa111c44a/B0/s0/p43/endpoint,1e19147f0c2d3f0c553e,STRICT_EVENT_MISMATCH,56.88508351589553,825
OUTSIDE_CATALOGUE_EVENT,3e4899195c01fa43baa1_anchor_535d70a04eef/B0/s0/p18/endpoint,3e4899195c01fa43baa1,STRICT_JOINT_GRAPH_VALID,22.404347230214626,543
OUTSIDE_CATALOGUE_EVENT,5b02d759a9ea9d4dd169_anchor_82f81a41654e/B0/s0/p30/endpoint,5b02d759a9ea9d4dd169,TS_OPT_LIMIT,15.114886835217476,303
OUTSIDE_CATALOGUE_EVENT,c01f85b5738c7adf3243_anchor_c39feef758cf/B0/s0/p35/endpoint,c01f85b5738c7adf3243,IRC_LIMIT,30.389467154163867,878
PROXY_MATCH,6140474f8e0cdc063c5c_anchor_45c31318b588/B0/s0/p22/endpoint,6140474f8e0cdc063c5c,STRICT_JOINT_GRAPH_VALID,12.369106997968629,555
PROXY_MATCH,1c1a8252964a0c934217_anchor_26e57b36721b/B0/s0/p8/endpoint,1c1a8252964a0c934217,STRICT_JOINT_GRAPH_VALID,3.135731768095866,290
PROXY_MATCH,b9857901a6575f45ade0_anchor_a5c99f10cbcc/B0/s0/p24/endpoint,b9857901a6575f45ade0,STRICT_JOINT_GRAPH_VALID,8.753181132953614,434
PROXY_MATCH,73a8b208b741c5cda518_anchor_9fd885044327/B0/s0/p45/endpoint,73a8b208b741c5cda518,TS_OPT_LIMIT,8.802852225024253,267
PROXY_MATCH,a1cffecda1a49c4fb953_anchor_00c1796902f9/B0/s0/p61/endpoint,a1cffecda1a49c4fb953,STRICT_JOINT_GRAPH_VALID,8.26193176698871,403
PROXY_MATCH,303508f21c5696efb5be_anchor_46eeb638f070/B0/s0/p26/endpoint,303508f21c5696efb5be,STRICT_JOINT_GRAPH_VALID,18.79579508304596,496
PROXY_MATCH,7f95af910c0b3f06823d_anchor_360f34bb7275/B0/s0/p22/endpoint,7f95af910c0b3f06823d,STRICT_JOINT_GRAPH_VALID,26.527106577996165,783
PROXY_MATCH,af2e99784efbbdda88d0_anchor_b9ef437b8bc2/B0/s0/p59/endpoint,af2e99784efbbdda88d0,STRICT_JOINT_GRAPH_VALID,17.45419149310328,529
PROXY_MATCH,c0c9054feb57266951ed_anchor_ae3136fba260/B0/s0/p11/endpoint,c0c9054feb57266951ed,STRICT_JOINT_GRAPH_VALID,17.299814183963463,476
PROXY_MATCH,34848379ebc530f73eaa_anchor_ea47a2dafa68/B0/s0/p47/endpoint,34848379ebc530f73eaa,STRICT_JOINT_GRAPH_VALID,16.002501517999917,554
PROXY_MATCH,8303021b27a2c6ce2b4c_anchor_2213196d96e4/B0/s0/p37/endpoint,8303021b27a2c6ce2b4c,STRICT_JOINT_GRAPH_VALID,16.332861887058243,467
PROXY_MATCH,8a883642220d4e0500ba_anchor_b20033b146a1/B0/s0/p23/endpoint,8a883642220d4e0500ba,STRICT_JOINT_GRAPH_VALID,22.612709536915645,636
PROXY_MATCH,3900e57e1fe4494b8b86_anchor_fe6ec2170187/B0/s0/p47/endpoint,3900e57e1fe4494b8b86,STRICT_JOINT_GRAPH_VALID,5.87165179499425,399
PROXY_MATCH,2f5b6749fb86e442d36c_anchor_4b441965440a/B0/s0/p18/endpoint,2f5b6749fb86e442d36c,MINIMUM_HAS_NEGATIVE_MODE,4.176777119049802,261
PROXY_MATCH,f4bf5b727619a15f8f02_anchor_2ea34d79245c/B0/s0/p33/endpoint,f4bf5b727619a15f8f02,STRICT_JOINT_GRAPH_VALID,14.456093495013192,505
PROXY_MATCH,db33309ba90a9a79b2e1_anchor_637c009344fa/B0/s0/p26/endpoint,db33309ba90a9a79b2e1,TS_OPT_LIMIT,3.0685538991820067,261
PROXY_MATCH,6bd92a6f8181b1329aca_anchor_2fd9207dd92f/B0/s0/p17/endpoint,6bd92a6f8181b1329aca,STRICT_JOINT_GRAPH_VALID,8.60923865903169,432
PROXY_MATCH,6da06407e8fc6de0de03_anchor_aed0302151c8/B0/s0/p23/endpoint,6da06407e8fc6de0de03,STRICT_JOINT_GRAPH_VALID,17.209815158043057,539
PROXY_MATCH,3e5b3283891e0b420878_anchor_54d631a94c01/B0/s0/p58/endpoint,3e5b3283891e0b420878,STRICT_JOINT_GRAPH_VALID,4.778402116149664,326
PROXY_MATCH,a01f970da298193876d3_anchor_8b687fdaf9eb/B0/s0/p50/endpoint,a01f970da298193876d3,STRICT_JOINT_GRAPH_VALID,24.600281256018206,612
